{
  "problem_name": "1D_CSTR_Improved_Physics_Weighting",
  "state_variables": [
    "Ca",
    "T"
  ],
  "spatial_domain": {
    "x": [0.0, 1.0]
  },
  "time_domain": [
    0.0,
    1.0
  ],
  "parameters": {
    "D": 0.005,
    "alpha": 0.008,
    "v": 0.1,
    "k0": 25.0,
    "Ea_over_R": 4.0,
    "beta": 30.0,
    "Ca_in": 1.0,
    "T_in": 1.0
  },
  "pde": [
    "dCadt - D * dCadx2 + v * dCadx - k0 * exp(-Ea_over_R / T) * Ca",
    "dTdt - alpha * dTdx2 + v * dTdx + beta * k0 * exp(-Ea_over_R / T) * Ca"
  ],
  "initial_conditions": {
    "Ca": "0.5 * (1 + sin(pi*x))",
    "T": "T_in + 0.6 * exp(-((x - 0.25)**2) / (2 * 0.1**2))"
  },
  "boundary_conditions": [
    {
      "type": "Dirichlet",
      "variable": "Ca",
      "location": "x_min",
      "value": "Ca_in"
    },
    {
      "type": "Dirichlet",
      "variable": "T",
      "location": "x_min",
      "value": "T_in"
    },
    {
      "type": "Neumann",
      "variable": "Ca",
      "location": "x_max",
      "value": "0.0"
    },
    {
      "type": "Neumann",
      "variable": "T",
      "location": "x_max",
      "value": "0.0"
    }
  ],
  "hyperparameters": {
    "hidden_layers": 8,
    "neurons_per_layer": 256,
    "activation_function": "tanh",
    "learning_rate": 0.0005,
    "epochs_per_stage": 30000,
    "lbfgs_max_iter": 20000,
    "num_collocation_points": 8000,
    "num_ic_points": 2000,
    "num_bc_points": 2000,
    "loss_weights": {
      "pde_Ca": 1.0,
      "pde_T": 0.1,
      "initial_condition": 10.0,
      "boundary_condition": 10.0
    },
    "fourier_features": {
      "enabled": true,
      "mapping_size": 64,
      "scale": 3.0
    },
    "adaptive_activation": {
      "enabled": true
    },
    "adaptive_weights": {
      "enabled": true
    },
    "curriculum_learning": {
      "enabled": true,
      "time_windows": [0.2, 0.5, 0.8, 1.0]
    },
    "adaptive_refinement": {
      "enabled": true,
      "refinement_frequency": 5000,
      "points_to_add": 1000,
      "candidate_multiplier": 5
    }
  }
}