{
  "problems": [
  {
  "problem_id":  "Coupled CSTRs in Series (Inverse Problem)",
  "problem_description": "For two CSTRs in series with an unknown reaction rate constant k, train a data-free Inverse PINN to recover k while solving the full concentration dynamics, using only governing equations and initial conditions without experimental data",
  "algorithm": {
        "name": "InversePINNWithoutData"
    },
  "state_variables": [
    "CA1",
    "CA2"
  ],
  "parameters": {
    "V": 100.0,
    "k": {
      "initial_guess": 0.5,
      "trainable": true
    }
  },
  "time_varying_inputs": {
    "F_t": "10.0",
    "CA0_t": "1.0 + 0.5 * sin(t / 5)"
  },
  "odes": {
    "dCA1dt": "(F_t / V) * (CA0_t - CA1) - k * CA1",
    "dCA2dt": "(F_t / V) * (CA1 - CA2) - k * CA2"
  },
  "time_domain": [
    0.0,
    50.0
  ],
  "initial_conditions": {
    "CA1": 0.1,
    "CA2": 0.05
  }
  }
  ],
  "hyperparameters": {
    "hidden_layers": 4,
    "neurons_per_layer": 128,
    "activation_function": "tanh",
    "learning_rate": 0.001,
    "epochs": 50000,
    "num_collocation_points": 4000,
    "loss_weights": {
      "ode_residual": 1.0,
      "initial_condition": 100.0
    },
    "use_fourier_features": true,
    "fourier_mapping_size": 64,
    "fourier_scale": 5.0
  }
}