{
  "problems": [
    {
  "problem_id": "CSTR_Series_DeepONet_PINN",
  "problem_description":"Solve the coupled CSTR-in-series problem using a DeepONet PINN: the model should learn to map a family of time-varying inlet concentration profiles and initial conditions to the reactor concentration trajectories, by training a branch network on the input functions, a trunk network on time, and enforcing the governing reactor equations as physics constraints — without relying on simulation data",
  "algorithm": {
  "name": "DeepONet"
  },
  "state_variables": [
    "CA1",
    "CA2"
  ],
  "parameters": {
    "V": 100.0,
    "k": 0.1
  },
  "time_varying_inputs": {
    "F_t": "10.0",
    "CA0_t": "{mean} + {amp} * torch.sin({freq} * t + {phase})"
  },
  "function_parameter_space": {
    "mean": [0.8, 1.2],
    "amp": [0.2, 0.8],
    "freq": [0.1, 0.5],
    "phase": [0.0, 6.28],
    "CA1_ic": [0.0, 0.2],
    "CA2_ic": [0.0, 0.1]
  },
  "odes": {
    "dCA1dt": "(F_t / V) * (CA0_t - CA1) - k * CA1",
    "dCA2dt": "(F_t / V) * (CA1 - CA2) - k * CA2"
  },
  "time_domain": [
    0.0,
    50.0
  ]
}
  ],
  "hyperparameters": {
    "deeponet": {
      "branch_hidden_layers": 3,
      "branch_neurons_per_layer": 128,
      "trunk_hidden_layers": 3,
      "trunk_neurons_per_layer": 128,
      "latent_dim": 128,
      "num_sensors": 100
    },
    "activation_function": "tanh",
    "learning_rate": 0.001,
    "epochs": 75000,
    "batch_size": 64,
    "num_collocation_points": 500,
    "loss_weights": {
      "ode_residual": 50.0,
      "initial_condition": 100.0
    },
    "use_fourier_features": true,
    "fourier_mapping_size": 64,
    "fourier_scale": 5.0
  }
}