{
  "problems": [
    {
      "problem_id": "Factorized Fourier Neural Operator (F-FNO) for a Plug Flow Reactor (PFR)",
      "problem_description": "Train a Physics-Informed F-FNO to solve the 1D advection-reaction PDE governing a Plug Flow Reactor. Learn a general mapping (an operator) from a family of initial condition functions C(z, 0) and inlet boundary condition functions C_in(t) to the corresponding PDE solution surface C(z, t), without using any pre-computed solution data. The operator is trained by minimizing the underlying physical law (the PDE residual), initial condition, and boundary condition. This loss is computed over a distribution of synthetically generated input functions, forcing the model to generalize across a wide range of problem instances.",
      "algorithm": {
        "name": "FactorizedFourierNeuralOperator"
      },
      "problem_definition": {
        "state_variables": [
          "C"
        ],
        "parameters": {
          "u": 1.0,
          "k": 0.5
        },
        "pde": {
          "dCdt": "-u * dCdz - k * C"
        }
      },
      "operator_input_specification": {
        "discretization": {
          "spatial_domain": [
            0.0,
            5.0
          ],
          "num_spatial_points": 64,
          "time_domain": [
            0.0,
            10.0
          ],
          "num_time_points": 100
        },
        "initial_conditions_distribution": {
          "C_z0": {
            "type": "GaussianRandomField",
            "parameters": {
              "length_scale": 1.0,
              "mean": 0.1,
              "stddev": 0.05
            }
          }
        },
        "function_inputs": {
          "C_in_t": {
            "type": "GaussianRandomField",
            "parameters": {
              "length_scale": 2.0,
              "mean": 1.0,
              "stddev": 0.2
            }
          }
        }
      }
    }
  ],
  "hyperparameters": {
    "model_architecture": {
      "width": 64,
      "num_blocks": 4,
      "modes_z": 16,
      "modes_t": 24
    },
    "training": {
      "epochs": 25000,
      "batch_size": 10,
      "learning_rate": 0.001,
      "scheduler_type": "one_cycle_lr",
      "weight_decay": 1e-5,
      "loss_weights": {
        "pde_residual": 1.0,
        "initial_condition": 100.0,
        "boundary_condition": 100.0
      },
      "gradient_clip_norm": 1.0,
      "validation_frequency": 500,
      "early_stopping": {
        "enabled": true,
        "patience": 4000,
        "min_delta": 1e-7
      }
    },
    "evaluation": {
      "test_cases": 4
    }
  }
}