{
  "problems": [
    {
      "problem_id": "CSTR_Series_Galerkin_Transformer",
      "problem_description": "Solve the coupled CSTR-in-series problem using a Galerkin Transformer: the model learns to map a family of time-varying inlet concentration profiles and initial conditions to the reactor concentration trajectories by training a Transformer encoder on the input function sequence and enforcing the Galerkin weak form of the governing reactor equations as physics constraints.",
      "algorithm": {
        "name": "GalerkinTransformer"
      },
      "state_variables": [
        "CA1",
        "CA2"
      ],
      "parameters": {
        "V": 100.0,
        "k": 0.1
      },
      "time_varying_inputs": {
        "F_t": "10.0",
        "CA0_t": "{mean} + {amp} * torch.sin({freq} * t + {phase})"
      },
      "function_parameter_space": {
        "mean": [0.8, 1.2],
        "amp": [0.2, 0.8],
        "freq": [0.1, 0.5],
        "phase": [0.0, 6.28],
        "CA1_ic": [0.0, 0.2],
        "CA2_ic": [0.0, 0.1]
      },
      "odes": {
        "dCA1dt": "(F_t / V) * (CA0_t - CA1) - k * CA1",
        "dCA2dt": "(F_t / V) * (CA1 - CA2) - k * CA2"
      },
      "time_domain": [
        0.0,
        50.0
      ]
    }
  ],
  "hyperparameters": {
    "transformer": {
      "d_model": 128,
      "nhead": 8,
      "num_encoder_layers": 4,
      "dim_feedforward": 512,
      "dropout": 0.1
    },
    "activation_function": "gelu",
    "learning_rate": 0.0005,
    "epochs": 5000,
    "batch_size": 32,
    "num_time_steps": 201,
    "num_test_functions": 16,
    "loss_weights": {
      "ode_residual": 1.0,
      "initial_condition": 100.0
    }
  }
}