{
  "problems": [
    {
  "problem_id": "CSTR_Series_DomainDecomposed-PINN",
  "problem_description": "Use a Domain-Decomposed PINN to solve the coupled CSTR-in-series problem: the model should learn to map a family of time-varying inlet concentration profiles and initial conditions to the corresponding reactor concentration trajectories, by splitting the time horizon into subdomains, training PINNs locally, and enforcing continuity at interfaces — all without simulation data.",
  "algorithm": {
  "name": "DomainDecomposedPINN"
  },
  "state_variables": [
    "CA1",
    "CA2"
  ],
  "parameters": {
    "V": 100.0,
    "k": 0.1
  },
  "time_varying_inputs": {
    "F_t": "10.0",
    "CA0_t": "1.0 + 0.75 * torch.sin(0.4 * t + 1.5)"
  },
  "initial_conditions": {
    "CA1": 0.15,
    "CA2": 0.08
  },
  "odes": {
    "dCA1dt": "(F_t / V) * (CA0_t - CA1) - k * CA1",
    "dCA2dt": "(F_t / V) * (CA1 - CA2) - k * CA2"
  },
  "time_domain": [
    0.0,
    50.0
  ]
}
  ],
  "hyperparameters": {
    "dd_pinn": {
      "num_domains": 5
    },
    "network": {
      "hidden_layers": 3,
      "neurons_per_layer": 64
    },
    "activation_function": "tanh",
    "learning_rate": 0.001,
    "epochs": 40000,
    "num_collocation_points_per_domain": 200,
    "loss_weights": {
      "ode_residual": 1.0,
      "initial_condition": 100.0,
      "interface_continuity": 100.0
    },
    "use_fourier_features": true,
    "fourier_mapping_size": 32,
    "fourier_scale": 5.0
  }
}