{
  "problem_name": "1D Convection-Diffusion with Internal Sensor Data",
  "state_variables": [
    "u"
  ],
  "spatial_domain": {
    "x": [0.0, 1.0]
  },
  "time_domain": [
    0.0,
    1.0
  ],
  "parameters": {
    "v": 0.5,
    "D": 0.01,
    "k": 0.1
  },
  "pde": "dudt + v * dudx - D * dudx2 + k * u",
  "initial_conditions": {
    "u": "exp(-((x - 0.25)**2) / (2 * 0.05**2))"
  },
  "boundary_conditions": [
    {
      "type": "Dirichlet",
      "variable": "u",
      "location": "x_min",
      "value": "0.0"
    },
    {
      "type": "Neumann",
      "variable": "u",
      "location": "x_max",
      "value": "0.0"
    }
  ],
  "data": {
    "_description": "Each data point is an array [t, x, u] where t is Time, x is Space, and u is the measured Value.",
    "Sensor_Mid": [
      [0.2, 0.6, 0.01],
      [0.5, 0.6, 0.40],
      [0.8, 0.6, 0.57],
      [1.0, 0.6, 0.50]
    ],
    "Sensor_Boundary_Probe": [
      [0.7, 1.0, 0.09],
      [0.9, 1.0, 0.31]
    ]
  },
  "hyperparameters": {
    "hidden_layers": 5,
    "neurons_per_layer": 128,
    "activation_function": "tanh",
    "learning_rate": 0.001,
    "epochs": 100000,
    "num_collocation_points": 10000,
    "num_ic_points": 2000,
    "num_bc_points": 2000,
    "loss_weights": {
      "pde_residual": 1.0,
      "initial_condition": 100.0,
      "boundary_condition": 100.0,
      "data": 1000.0
    }
  }
}