{
  "problems": [
    {
    "problem_id": "pinn_ode_solver_from_physics_only",
    "problem_description": "How can I solve a system of Ordinary Differential Equations (e.g., modeling CSTRs in series) when no sparse experimental data is available, using only the governing physical equations and initial conditions as constraints? An advanced Physics-Informed Neural Network is used to discover a continuous, differentiable solution that inherently satisfies the underlying physics of the system.",
    "algorithm": {
        "name": "ODEPINNWithoutData"
    },
  "state_variables": [
    "CA1",
    "CA2"
  ],
  "parameters": {
    "V": 100.0,
    "k": 0.1
  },
  "time_varying_inputs": {
    "F_t": "10.0",
    "CA0_t": "1.0 + 0.5 * sin(t / 5)"
  },
  "odes": {
    "dCA1dt": "(F_t / V) * (CA0_t - CA1) - k * CA1",
    "dCA2dt": "(F_t / V) * (CA1 - CA2) - k * CA2"
  },
  "time_domain": [
    0.0,
    50.0
  ],
  "initial_conditions": {
    "CA1": 0.1,
    "CA2": 0.05
  }
}
  ],
  "hyperparameters": {
    "hidden_layers": 4,
    "neurons_per_layer": 128,
    "activation_function": "tanh",
    "learning_rate": 0.001,
    "epochs": 50000,
    "num_collocation_points": 4000,
    "loss_weights": {
      "ode_residual": 1.0,
      "initial_condition": 100.0
    },
    "use_fourier_features": true,
    "fourier_mapping_size": 64,
    "fourier_scale": 5.0
  }
}