{
  "problems": [
    {
    "problem_id":  "CSTRs_Parameter_Estimation",
    "problem_description": "For my system of two CSTRs in series with unknown reaction kinetics (like Ea and k0), can an Inverse PINN use sparse lab measurements of concentration and temperature to simultaneously discover these parameters and solve for the complete dynamic profiles in both reactors?",
    "algorithm": {
        "name": "InversePINNWithData"
    },
  "state_variables": [
    "CA1",
    "CA2"
  ],
  "parameters": {
    "V": 100.0
  },
  "learnable_parameters": {
    "k": {
      "initial_guess": 0.5,
      "true_value": 0.1
    }
  },
  "time_varying_inputs": {
    "F_t": "10.0",
    "CA0_t": "1.0 + 0.5 * sin(t / 5)"
  },
  "odes": {
    "dCA1dt": "(F_t / V) * (CA0_t - CA1) - k * CA1",
    "dCA2dt": "(F_t / V) * (CA1 - CA2) - k * CA2"
  },
  "time_domain": [
    0.0,
    50.0
  ],
  "initial_conditions": {
    "CA1": 0.1,
    "CA2": 0.05
  },
  "data": {
    "CA1": [
      [2.35, 0.2801], [4.75, 0.4100], [7.85, 0.5758], [12.21, 0.6507], [17.46, 0.5699],
      [22.57, 0.4095], [27.32, 0.3270], [31.83, 0.3874], [35.98, 0.5298], [39.78, 0.6381],
      [44.09, 0.6559], [48.64, 0.5808]
    ],
    "CA2": [
      [2.04, 0.06], [4.32, 0.10], [7.23, 0.16], [8.57, 0.19], [10.70, 0.23], [14.23, 0.28],
      [18.04, 0.29], [22.76, 0.25], [25.54, 0.22], [30.65, 0.19], [35.72, 0.21], [38.30, 0.24],
      [42.14, 0.28], [44.02, 0.30]
    ]
  }
}
],
  "hyperparameters": {
    "hidden_layers": 6,
    "neurons_per_layer": 128,
    "activation_function": "silu",
    "learning_rate": 0.001,
    "parameter_learning_rate": 0.005,
    "epochs": 80000,
    "num_collocation_points": 5000,
    "loss_weights": {
      "ode_residual": 5.0,
      "initial_condition": 100.0,
      "data": 10.0
    }
  }
}