{
  "problems": [
    {
      "problem_id": "CSTR_Series_Diffusion_Operator",
      "problem_description": "Solve the coupled CSTR-in-series problem using a Diffusion Operator.",
      "algorithm": {
        "name": "DiffusionOperator"
      },
      "state_variables": [
        "CA1",
        "CA2"
      ],
      "parameters": {
        "V": 100.0,
        "k": 0.1
      },
      "time_varying_inputs": {
        "F_t": "10.0",
        "CA0_t": "{mean} + {amp} * torch.sin({freq} * t + {phase})"
      },
      "function_parameter_space": {
        "mean": [0.8, 1.2],
        "amp": [0.2, 0.8],
        "freq": [0.1, 0.5],
        "phase": [0.0, 6.28],
        "CA1_ic": [0.0, 0.2],
        "CA2_ic": [0.0, 0.1]
      },
      "odes": {
        "dCA1dt": "(F_t / V) * (CA0_t - CA1) - k * CA1",
        "dCA2dt": "(F_t / V) * (CA1 - CA2) - k * CA2"
      },
      "time_domain": [
        0.0,
        50.0
      ]
    }
  ],
  "hyperparameters": {
    "diffusion": {
      "timesteps": 600,
      "dataset_size": 16384,
      "cond_emb_dim": 128,
      "unet": {
          "model_channels": 64,
          "num_res_blocks": 2,
          "channel_mults": [1, 2, 4],
          "time_emb_dim": 128
      }
    },
    "learning_rate": 0.0002,
    "epochs": 150,
    "batch_size": 64,
    "num_time_steps": 201
  }
}