{
  "problems": [
    {
    "problem_id": "Transformer Neural Operator (TNO) for a Tubular Heat Exchanger",
    "objective": "Train a Transformer Neural Operator (TNO) to solve the 1D steady-state energy balance for a tubular heat exchanger. Learn a general operator mapping input conditions (inlet temperature, hot-stream profile, physical parameters) to the corresponding cold-stream temperature profile, without using any pre-computed solution data. The operator is trained by minimizing the PDE residual. The Transformer's self-attention mechanism is leveraged to capture long-range spatial dependencies along the tube. Unlike FNO which operates in Fourier space, the TNO learns correlations directly in the spatial domain through self-attention, making it well-suited for problems with sharp gradients or advection-like phenomena.",
    "algorithm": {
        "name": "TransformerNeuralOperator"
    },
  "problem_definition": {
    "state_variables": ["T"],
    "independent_variable": {
      "name": "z",
      "label": "Axial Position (m)"
    },
    "pde": {
      "dTdz": "(UA / m_dot_Cp) * (Th_z - T)"
    }
  },
  "operator_input_specification": {
    "discretization": {
      "z_domain": [0.0, 10.0],
      "num_z_points": 128
    },
    "boundary_conditions_distribution": {
      "T_in": [290.0, 310.0]
    },
    "scalar_inputs_distribution": {
      "UA": [100.0, 200.0],
      "m_dot_Cp": [1000.0, 2000.0]
    },
    "function_inputs": {
      "Th_z": {
        "type": "GaussianRandomField",
        "parameters": {
          "length_scale": 2.5,
          "mean": 373.15,
          "stddev": 15.0
        }
      }
    }
  }
}
],
  "hyperparameters": {
    "transformer_architecture": {
      "embed_dim": 128,
      "num_heads": 8,
      "num_blocks": 6,
      "dropout": 0.1
    },
    "training": {
      "epochs": 40000,
      "batch_size": 32,
      "learning_rate": 0.0005,
      "scheduler_type": "cosine_annealing",
      "weight_decay": 1e-5,
      "loss_weights": {
        "pde_residual": 1.0,
        "boundary_condition": 500.0
      },
      "annealing_schedule": {
        "enabled": false,
        "bc_weight_final": 10.0,
        "annealing_end_epoch": 10000
      },
      "gradient_clip_norm": 1.0
    },
    "evaluation": {
      "test_cases": 6
    }
  }
}