{
  "problems": [
    {
      "problem_id": "BayesianDeepONet_UQ_MoistureDiffusion1D",
      "problem_description": "Train a Bayesian DeepONet to solve 1D moisture diffusion under uncertain parameters, predicting mean fields and credible intervals using variational inference.",
      "algorithm": {
        "name": "BayesianDeepONet"
      },
      "problem_definition": {
        "pde": "dX/dt = D * d2X/dz2",
        "domain": {
          "z": [
            0.0,
            1.0
          ],
          "t": [
            0.0,
            2.0
          ]
        },
        "initial_condition": {
          "X0": 1.0
        },
        "boundary_conditions": {
          "type": "Robin",
          "equation": "dX/dz(z,t) = -h * (X(z,t) - X_env)"
        }
      },
      "operator_input_specification": {
        "discretization": {
          "z_points": 64,
          "t_points": 64
        },
        "uncertain_parameters_distribution": {
          "D": {
            "type": "uniform",
            "range": [
              0.01,
              0.1
            ]
          },
          "h": {
            "type": "uniform",
            "range": [
              1.0,
              10.0
            ]
          },
          "X_env": {
            "type": "uniform",
            "range": [
              0.0,
              0.2
            ]
          }
        }
      },
      "data_generation": {
        "num_train_samples": 1024,
        "num_test_samples": 32,
        "data_path": "moisture_diffusion_dataset_bdeeponet_stable.pt"
      }
    }
  ],
  "hyperparameters": {
    "bayesian_deeponet": {
      "branch_hidden_dims": [
        128,
        128,
        64
      ],
      "trunk_hidden_dims": [
        128,
        128,
        64
      ],
      "latent_dim": 64
    },
    "training": {
      "epochs": 300,
      "batch_size": 16,
      "learning_rate": 0.001,
      "optimizer": "AdamW",
      "weight_decay": 0.0001,
      "kl_weight": 0.0001,
      "kl_warmup_epochs": 100
    },
    "evaluation": {
      "num_test_cases": 4,
      "num_mc_samples": 100
    }
  }
}