{
  "problems": [
    {
    "problem_id": "Physics-Informed Graph Neural Operator (PIGO) for a Plug Flow Reactor (PFR)",
    "problem_description": "Train a Physics-Informed Graph Neural Operator (PIGO) to solve the 1D advection-reaction PDE governing a Plug Flow Reactor. Learn a general mapping (an operator) from a family of initial condition functions C(z, 0) and inlet boundary condition functions C_in(t) to the corresponding PDE solution surface C(z, t), without using any pre-computed solution data. The operator is trained by minimizing the underlying physical law (the PDE residual), initial condition, and boundary condition. This loss is computed over a distribution of synthetically generated input functions, forcing the model to generalize across a wide range of problem instances. Unlike a standard PINN which learns the solution C(z, t) for a single, fixed set of ICs/BCs, this PIGO learns a universal solver for the entire family of PDEs defined by the specified input distributions.",
    "algorithm": {
        "name": "GraphNeuralOperator"
    },
  "problem_definition": {
    "state_variables": ["C"],
    "parameters": {
      "u": 1.0,
      "k": 0.5
    },
    "pde": {
      "dCdt": "-u * dCdz - k * C"
    }
  },
  "operator_input_specification": {
    "discretization": {
      "spatial_domain": [0.0, 5.0],
      "num_spatial_points": 64,
      "time_domain": [0.0, 10.0],
      "num_time_points": 100
    },
    "initial_conditions_distribution": {
      "C_z0": {
        "type": "GaussianRandomField",
        "parameters": {
          "length_scale": 1.0,
          "mean": 0.1,
          "stddev": 0.05
        }
      }
    },
    "function_inputs": {
      "C_in_t": {
        "type": "GaussianRandomField",
        "parameters": {
          "length_scale": 2.0,
          "mean": 1.0,
          "stddev": 0.2
        }
      }
    }
  }
}
],
  "hyperparameters": {
    "gno_architecture": {
      "width": 192,
      "num_blocks": 5
    },
    "training": {
      "epochs": 15000,
      "batch_size": 12,
      "learning_rate": 0.0005,
      "scheduler_type": "warmup_cosine_annealing",
      "weight_decay": 1e-5,
      "loss_weights": {
        "pde_residual": 1.0,
        "initial_condition": 10.0,
        "boundary_condition": 10.0
      },
      "gradient_clip_norm": 1.0,
      "warmup_epochs": 2000,
      "validation_frequency": 500,
      "early_stopping": {
        "enabled": true,
        "patience": 4000,
        "min_delta": 1e-7
      }
    },
    "evaluation": {
      "test_cases": 4
    }
  }
}