{
  "problems": [
    {
    "problem_id": "Physics-Informed Neural Operator (PINO) for a Family of Coupled CSTRs",
    "problem_description": "Train a Physics-Informed Neural Operator (PINO) based on the Fourier Neural Operator (FNO) architecture to solve a family of coupled ODEs governing two CSTRs in series. Learn a general mapping (an operator) from a family of input functions (time-varying inflow concentration) and initial conditions to the corresponding ODE solution functions, without using any pre-computed solution data. The operator is trained by minimizing the underlying physical law (the ODE residual) evaluated at collocation points. This loss is computed over a distribution of synthetically generated input functions, forcing the model to generalize across a wide range of problem instances. Unlike a standard PINN which learns the solution to a single, fixed ODE instance (one specific CA0_t and one set of ICs), this PINO learns a universal solver for the entire family of ODEs defined by the specified input distributions.",
    "algorithm": {
        "name": "FourierNeuralOperator"
      },
  "problem_definition": {
    "state_variables": ["CA1", "CA2"],
    "parameters": {
      "V": 100.0,
      "k": 0.1
    },
    "time_varying_parameter": {
      "F_t": 10.0
    },
    "odes": {
      "dCA1dt": "(F_t / V) * (CA0_t - CA1) - k * CA1",
      "dCA2dt": "(F_t / V) * (CA1 - CA2) - k * CA2"
    }
  },
  "operator_input_specification": {
    "discretization": {
      "time_domain": [0.0, 50.0],
      "num_time_points": 256
    },
    "initial_conditions_distribution": {
      "CA1": [0.0, 1.0],
      "CA2": [0.0, 0.8]
    },
    "function_inputs": {
      "CA0_t": {
        "type": "GaussianRandomField",
        "parameters": {
          "length_scale": 5.0,
          "mean": 1.0,
          "stddev": 0.3
        }
      }
    }
  }
}
],
  "hyperparameters": {
    "fno_architecture": {
      "modes": 80,
      "width": 256,
      "num_blocks": 6
    },
    "training": {
      "epochs": 50000,
      "batch_size": 16,
      "learning_rate": 0.0005,
      "scheduler_type": "cosine_annealing",
      "scheduler_gamma": 0.98,
      "weight_decay": 1e-5,
      "loss_weights": {
        "ode_residual": 1.0,
        "initial_condition": 100.0
      },
      "annealing_schedule": {
        "enabled": true,
        "ic_weight_final": 5.0,
        "annealing_end_epoch": 10000
      },
      "curriculum_schedule": {
        "enabled": true,
        "end_epoch": 30000,
        "start_fraction": 0.1
      },
      "gradient_clip_norm": 1.0,
      "warmup_epochs": 1000
    },
    "evaluation": {
      "test_cases": 6,
      "validation_frequency": 2000,
      "early_stopping": {
        "enabled": true,
        "patience": 5000,
        "min_delta": 1e-6
      }
    }
  }
}